<?xml version="1.0" encoding="utf-8"?>
<edmx:Edmx Version="4.0" xmlns:edmx="http://docs.oasis-open.org/odata/ns/edmx">
  <edmx:Reference Uri="https://oasis-tcs.github.io/odata-vocabularies/vocabularies/Org.OData.Capabilities.V1.xml">
    <edmx:Include Alias="Capabilities" Namespace="Org.OData.Capabilities.V1"/>
  </edmx:Reference>
  <edmx:Reference Uri="https://sap.github.io/odata-vocabularies/vocabularies/Common.xml">
    <edmx:Include Alias="Common" Namespace="com.sap.vocabularies.Common.v1"/>
  </edmx:Reference>
  <edmx:Reference Uri="https://oasis-tcs.github.io/odata-vocabularies/vocabularies/Org.OData.Core.V1.xml">
    <edmx:Include Alias="Core" Namespace="Org.OData.Core.V1"/>
  </edmx:Reference>
  <edmx:Reference Uri="https://sap.github.io/odata-vocabularies/vocabularies/UI.xml">
    <edmx:Include Alias="UI" Namespace="com.sap.vocabularies.UI.v1"/>
  </edmx:Reference>
  <edmx:DataServices>
    <Schema Namespace="CatalogService" xmlns="http://docs.oasis-open.org/odata/ns/edm">
      <Annotation Term="Core.Links">
        <Collection>
          <Record>
            <PropertyValue Property="rel" String="author"/>
            <PropertyValue Property="href" String="https://cap.cloud.sap"/>
          </Record>
        </Collection>
      </Annotation>
      <EntityContainer Name="EntityContainer">
        <EntitySet Name="Books" EntityType="CatalogService.Books">
          <NavigationPropertyBinding Path="genre" Target="Genres"/>
          <NavigationPropertyBinding Path="currency" Target="Currencies"/>
          <NavigationPropertyBinding Path="texts" Target="Books_texts"/>
          <NavigationPropertyBinding Path="localized" Target="Books_texts"/>
        </EntitySet>
        <EntitySet Name="Genres" EntityType="CatalogService.Genres">
          <NavigationPropertyBinding Path="parent" Target="Genres"/>
          <NavigationPropertyBinding Path="children" Target="Genres"/>
          <NavigationPropertyBinding Path="texts" Target="Genres_texts"/>
          <NavigationPropertyBinding Path="localized" Target="Genres_texts"/>
        </EntitySet>
        <EntitySet Name="Currencies" EntityType="CatalogService.Currencies">
          <NavigationPropertyBinding Path="texts" Target="Currencies_texts"/>
          <NavigationPropertyBinding Path="localized" Target="Currencies_texts"/>
        </EntitySet>
        <EntitySet Name="Books_texts" EntityType="CatalogService.Books_texts"/>
        <EntitySet Name="Genres_texts" EntityType="CatalogService.Genres_texts"/>
        <EntitySet Name="Currencies_texts" EntityType="CatalogService.Currencies_texts"/>
        <ActionImport Name="submitOrder" Action="CatalogService.submitOrder"/>
        <ActionImport Name="borrowBook" Action="CatalogService.borrowBook"/>
      </EntityContainer>
      <EntityType Name="Books">
        <Key>
          <PropertyRef Name="ID"/>
        </Key>
        <Property Name="createdAt" Type="Edm.DateTimeOffset" Precision="7"/>
        <Property Name="modifiedAt" Type="Edm.DateTimeOffset" Precision="7"/>
        <Property Name="ID" Type="Edm.Int32" Nullable="false"/>
        <Property Name="title" Type="Edm.String" MaxLength="111"/>
        <Property Name="descr" Type="Edm.String" MaxLength="1111"/>
        <Property Name="author" Type="Edm.String" MaxLength="111"/>
        <NavigationProperty Name="genre" Type="CatalogService.Genres">
          <ReferentialConstraint Property="genre_ID" ReferencedProperty="ID"/>
        </NavigationProperty>
        <Property Name="genre_ID" Type="Edm.Int32"/>
        <Property Name="stock" Type="Edm.Int32"/>
        <Property Name="price" Type="Edm.Decimal" Precision="9" Scale="2"/>
        <NavigationProperty Name="currency" Type="CatalogService.Currencies">
          <ReferentialConstraint Property="currency_code" ReferencedProperty="code"/>
        </NavigationProperty>
        <Property Name="currency_code" Type="Edm.String" MaxLength="3"/>
        <NavigationProperty Name="texts" Type="Collection(CatalogService.Books_texts)">
          <OnDelete Action="Cascade"/>
        </NavigationProperty>
        <NavigationProperty Name="localized" Type="CatalogService.Books_texts">
          <ReferentialConstraint Property="ID" ReferencedProperty="ID"/>
        </NavigationProperty>
      </EntityType>
      <EntityType Name="Genres">
        <Key>
          <PropertyRef Name="ID"/>
        </Key>
        <Property Name="name" Type="Edm.String" MaxLength="255"/>
        <Property Name="descr" Type="Edm.String" MaxLength="1000"/>
        <Property Name="ID" Type="Edm.Int32" Nullable="false"/>
        <NavigationProperty Name="parent" Type="CatalogService.Genres" Partner="children">
          <ReferentialConstraint Property="parent_ID" ReferencedProperty="ID"/>
        </NavigationProperty>
        <Property Name="parent_ID" Type="Edm.Int32"/>
        <NavigationProperty Name="children" Type="Collection(CatalogService.Genres)" Partner="parent">
          <OnDelete Action="Cascade"/>
        </NavigationProperty>
        <NavigationProperty Name="texts" Type="Collection(CatalogService.Genres_texts)">
          <OnDelete Action="Cascade"/>
        </NavigationProperty>
        <NavigationProperty Name="localized" Type="CatalogService.Genres_texts">
          <ReferentialConstraint Property="ID" ReferencedProperty="ID"/>
        </NavigationProperty>
      </EntityType>
      <EntityType Name="Currencies">
        <Key>
          <PropertyRef Name="code"/>
        </Key>
        <Property Name="name" Type="Edm.String" MaxLength="255"/>
        <Property Name="descr" Type="Edm.String" MaxLength="1000"/>
        <Property Name="code" Type="Edm.String" MaxLength="3" Nullable="false"/>
        <Property Name="symbol" Type="Edm.String" MaxLength="5"/>
        <Property Name="minorUnit" Type="Edm.Int16"/>
        <NavigationProperty Name="texts" Type="Collection(CatalogService.Currencies_texts)">
          <OnDelete Action="Cascade"/>
        </NavigationProperty>
        <NavigationProperty Name="localized" Type="CatalogService.Currencies_texts">
          <ReferentialConstraint Property="code" ReferencedProperty="code"/>
        </NavigationProperty>
      </EntityType>
      <EntityType Name="Books_texts">
        <Key>
          <PropertyRef Name="locale"/>
          <PropertyRef Name="ID"/>
        </Key>
        <Property Name="locale" Type="Edm.String" MaxLength="14" Nullable="false"/>
        <Property Name="ID" Type="Edm.Int32" Nullable="false"/>
        <Property Name="title" Type="Edm.String" MaxLength="111"/>
        <Property Name="descr" Type="Edm.String" MaxLength="1111"/>
      </EntityType>
      <EntityType Name="Genres_texts">
        <Key>
          <PropertyRef Name="locale"/>
          <PropertyRef Name="ID"/>
        </Key>
        <Property Name="locale" Type="Edm.String" MaxLength="14" Nullable="false"/>
        <Property Name="name" Type="Edm.String" MaxLength="255"/>
        <Property Name="descr" Type="Edm.String" MaxLength="1000"/>
        <Property Name="ID" Type="Edm.Int32" Nullable="false"/>
      </EntityType>
      <EntityType Name="Currencies_texts">
        <Key>
          <PropertyRef Name="locale"/>
          <PropertyRef Name="code"/>
        </Key>
        <Property Name="locale" Type="Edm.String" MaxLength="14" Nullable="false"/>
        <Property Name="name" Type="Edm.String" MaxLength="255"/>
        <Property Name="descr" Type="Edm.String" MaxLength="1000"/>
        <Property Name="code" Type="Edm.String" MaxLength="3" Nullable="false"/>
      </EntityType>
      <Action Name="submitOrder" IsBound="false">
        <Parameter Name="book" Type="Edm.Int32"/>
        <Parameter Name="quantity" Type="Edm.Int32"/>
      </Action>
      <Action Name="borrowBook" IsBound="false">
        <Parameter Name="bookID" Type="Edm.Int32"/>
      </Action>
      <Annotations Target="CatalogService.EntityContainer/Books">
        <Annotation Term="Capabilities.DeleteRestrictions">
          <Record Type="Capabilities.DeleteRestrictionsType">
            <PropertyValue Property="Deletable" Bool="false"/>
          </Record>
        </Annotation>
        <Annotation Term="Capabilities.InsertRestrictions">
          <Record Type="Capabilities.InsertRestrictionsType">
            <PropertyValue Property="Insertable" Bool="false"/>
          </Record>
        </Annotation>
        <Annotation Term="Capabilities.UpdateRestrictions">
          <Record Type="Capabilities.UpdateRestrictionsType">
            <PropertyValue Property="Updatable" Bool="false"/>
          </Record>
        </Annotation>
      </Annotations>
      <Annotations Target="CatalogService.Books/createdAt">
        <Annotation Term="UI.HiddenFilter" Bool="true"/>
        <Annotation Term="UI.ExcludeFromNavigationContext" Bool="true"/>
        <Annotation Term="Core.Immutable" Bool="true"/>
        <Annotation Term="Core.Computed" Bool="true"/>
        <Annotation Term="Common.Label" String="{i18n>CreatedAt}"/>
      </Annotations>
      <Annotations Target="CatalogService.Books/modifiedAt">
        <Annotation Term="UI.HiddenFilter" Bool="true"/>
        <Annotation Term="UI.ExcludeFromNavigationContext" Bool="true"/>
        <Annotation Term="Core.Computed" Bool="true"/>
        <Annotation Term="Common.Label" String="{i18n>ChangedAt}"/>
      </Annotations>
      <Annotations Target="CatalogService.Books/genre_ID">
        <Annotation Term="Common.ValueList">
          <Record Type="Common.ValueListType">
            <PropertyValue Property="Label" String="Genres"/>
            <PropertyValue Property="CollectionPath" String="Genres"/>
            <PropertyValue Property="Parameters">
              <Collection>
                <Record Type="Common.ValueListParameterInOut">
                  <PropertyValue Property="LocalDataProperty" PropertyPath="genre_ID"/>
                  <PropertyValue Property="ValueListProperty" String="ID"/>
                </Record>
                <Record Type="Common.ValueListParameterDisplayOnly">
                  <PropertyValue Property="ValueListProperty" String="name"/>
                </Record>
              </Collection>
            </PropertyValue>
          </Record>
        </Annotation>
      </Annotations>
      <Annotations Target="CatalogService.Books/currency">
        <Annotation Term="Common.Label" String="{i18n>Currency}"/>
        <Annotation Term="Core.Description" String="{i18n>CurrencyCode.Description}"/>
      </Annotations>
      <Annotations Target="CatalogService.Books/currency_code">
        <Annotation Term="Common.Label" String="{i18n>Currency}"/>
        <Annotation Term="Common.ValueList">
          <Record Type="Common.ValueListType">
            <PropertyValue Property="Label" String="{i18n>Currency}"/>
            <PropertyValue Property="CollectionPath" String="Currencies"/>
            <PropertyValue Property="Parameters">
              <Collection>
                <Record Type="Common.ValueListParameterInOut">
                  <PropertyValue Property="LocalDataProperty" PropertyPath="currency_code"/>
                  <PropertyValue Property="ValueListProperty" String="code"/>
                </Record>
                <Record Type="Common.ValueListParameterDisplayOnly">
                  <PropertyValue Property="ValueListProperty" String="name"/>
                </Record>
              </Collection>
            </PropertyValue>
          </Record>
        </Annotation>
        <Annotation Term="Core.Description" String="{i18n>CurrencyCode.Description}"/>
      </Annotations>
      <Annotations Target="CatalogService.Genres">
        <Annotation Term="UI.Identification">
          <Collection>
            <Record Type="UI.DataField">
              <PropertyValue Property="Value" Path="name"/>
            </Record>
          </Collection>
        </Annotation>
      </Annotations>
      <Annotations Target="CatalogService.Genres/name">
        <Annotation Term="Common.Label" String="{i18n>Name}"/>
      </Annotations>
      <Annotations Target="CatalogService.Genres/descr">
        <Annotation Term="Common.Label" String="{i18n>Description}"/>
      </Annotations>
      <Annotations Target="CatalogService.Genres/parent_ID">
        <Annotation Term="Common.ValueList">
          <Record Type="Common.ValueListType">
            <PropertyValue Property="Label" String="Genres"/>
            <PropertyValue Property="CollectionPath" String="Genres"/>
            <PropertyValue Property="Parameters">
              <Collection>
                <Record Type="Common.ValueListParameterInOut">
                  <PropertyValue Property="LocalDataProperty" PropertyPath="parent_ID"/>
                  <PropertyValue Property="ValueListProperty" String="ID"/>
                </Record>
                <Record Type="Common.ValueListParameterDisplayOnly">
                  <PropertyValue Property="ValueListProperty" String="name"/>
                </Record>
              </Collection>
            </PropertyValue>
          </Record>
        </Annotation>
      </Annotations>
      <Annotations Target="CatalogService.Currencies">
        <Annotation Term="UI.Identification">
          <Collection>
            <Record Type="UI.DataField">
              <PropertyValue Property="Value" Path="name"/>
            </Record>
          </Collection>
        </Annotation>
      </Annotations>
      <Annotations Target="CatalogService.Currencies/name">
        <Annotation Term="Common.Label" String="{i18n>Name}"/>
      </Annotations>
      <Annotations Target="CatalogService.Currencies/descr">
        <Annotation Term="Common.Label" String="{i18n>Description}"/>
      </Annotations>
      <Annotations Target="CatalogService.Currencies/code">
        <Annotation Term="Common.Text" Path="name"/>
        <Annotation Term="Common.Label" String="{i18n>CurrencyCode}"/>
      </Annotations>
      <Annotations Target="CatalogService.Currencies/symbol">
        <Annotation Term="Common.Label" String="{i18n>CurrencySymbol}"/>
      </Annotations>
      <Annotations Target="CatalogService.Currencies/minorUnit">
        <Annotation Term="Common.Label" String="{i18n>CurrencyMinorUnit}"/>
      </Annotations>
      <Annotations Target="CatalogService.Books_texts/locale">
        <Annotation Term="Common.Label" String="{i18n>LanguageCode}"/>
      </Annotations>
      <Annotations Target="CatalogService.Genres_texts/locale">
        <Annotation Term="Common.Label" String="{i18n>LanguageCode}"/>
      </Annotations>
      <Annotations Target="CatalogService.Genres_texts/name">
        <Annotation Term="Common.Label" String="{i18n>Name}"/>
      </Annotations>
      <Annotations Target="CatalogService.Genres_texts/descr">
        <Annotation Term="Common.Label" String="{i18n>Description}"/>
      </Annotations>
      <Annotations Target="CatalogService.Currencies_texts/locale">
        <Annotation Term="Common.Label" String="{i18n>LanguageCode}"/>
      </Annotations>
      <Annotations Target="CatalogService.Currencies_texts/name">
        <Annotation Term="Common.Label" String="{i18n>Name}"/>
      </Annotations>
      <Annotations Target="CatalogService.Currencies_texts/descr">
        <Annotation Term="Common.Label" String="{i18n>Description}"/>
      </Annotations>
      <Annotations Target="CatalogService.Currencies_texts/code">
        <Annotation Term="Common.Text" Path="name"/>
        <Annotation Term="Common.Label" String="{i18n>CurrencyCode}"/>
      </Annotations>
    </Schema>
  </edmx:DataServices>
</edmx:Edmx>